FECHA;SEMANA;DÍA;NÚMERO; MES - NUM ;MES - NOM;AÑO;VERIFICACIÓN ALMACÉN STOCK [uds];VERIFICACIÓN ALM - Pedido de Stock y Otros Artículos (uds); VERIFICACIÓN ALM - Pedido de Laboratorio (uds); VERIFICACIÓN ALM - Pedido de Cajonera (uds);VERIFICACIÓN ALMACÉN STOCK [pedidos]; VERIFICACIÓN ALM - Pedido de Stock y Otros Artículos (pedidos);VERIFICACIÓN ALM - Pedido de Laboratorio (pedidos); VERIFICACIÓN ALM - Pedido de Cajonera (pedidos);FACTURACIÓN ALMACÉN [pedidos];FACTURACIÓN ALM - Pedido de Stock y Otros Artículos (pedidos);FACTURACIÓN ALM - Pedido de Laboratorio (pedidos);FACTURACIÓN EXPEDICIÓN [pedidos];FACTURACIÓN EXP - Pedido de Laboratorio (pedidos);VERIFICACIÓN ALMACÉN REVENTA [uds]; VERIFICACIÓN REV - Lentes de Contacto RX (uds);VERIFICACIÓN REV - Lentes de Contacto DX (uds);VERIFICACIÓN REV - Líquidos (uds);VERIFICACIÓN REV - On Demand (uds);VERIFICACIÓN REV - Armazones (uds);VERIFICACIÓN ALMACÉN REVENTA [pedidos];VERIFICACIÓN REV - Lentes de Contacto RX (pedidos);VERIFICACIÓN REV - Lentes de Contacto DX (pedidos);VERIFICACIÓN REV - Líquidos (pedidos);VERIFICACIÓN REV - On Demand (pedidos);VERIFICACIÓN REV - Armazones (pedidos);FACTURACIÓN REVENTA [pedidos];FACTURACIÓN REV - Lentes de Contacto RX (pedidos);FACTURACIÓN REV - Armazones (pedidos) ;FACTURACIÓN REV - Líquidos (pedidos);REVENTA - INGRESOS POR COMPRA;INGRESOS REV - Lentes de Contacto RX [unidades];INGRESOS REV - Lentes de Contacto DX [unidades];INGRESOS REV - Armazones  [unidades];DEPÓSITO - Preparación Insumos;DEP - Preparación Insumos (uds);DEP - Preparación Insumos (pedidos);DEPÓSITO - Ingresos por Compra;INGRESOS DEP - Lentes de Stock (uds);INGRESOS DEP - Lentes Semiterminadas (uds);INGRESOS DEP - Insumos (uds)
1/1/2026;1;JUEVES;1;1;enero;2026;0;0;0;0;0;0;0;0;0;0;0;0;0;0;0;0;0;0;0;0;0;0;0;0;0;0;0;0;0;0;0;0;0;0;0;0;0;0;0;0
2/1/2026;1;VIERNES;2;1;enero;2026;1757;428;172;1157;326;211;88;27;241;213;28;617;617;903;342;70;440;15;36;124;90;12;2;15;5;109;99;7;3;0;0;0;0;3479;3479;24;50;0;0;50
3/1/2026;1;SÁBADO;3;1;enero;2026;247;169;47;31;105;80;24;1;86;81;5;5;5;42;25;10;0;5;2;19;12;0;0;5;2;12;10;2;0;0;0;0;0;0;0;0;0;0;0;0
4/1/2026;2;DOMINGO;4;1;enero;2026;0;0;0;0;0;0;0;0;0;0;0;0;0;0;0;0;0;0;0;0;0;0;0;0;0;0;0;0;0;0;0;0;0;0;0;0;0;0;0;0
5/1/2026;2;LUNES;5;1;enero;2026;4232;824;343;3065;533;331;175;27;389;337;52;783;783;886;566;116;114;7;83;162;104;37;4;7;10;150;138;4;8;4367;4366;1;0;1555;1555;11;19;0;0;19
6/1/2026;2;MARTES;6;1;enero;2026;4509;800;365;3344;583;368;188;27;405;365;40;813;813;1161;788;203;157;12;1;293;238;32;10;12;1;271;261;9;1;456;346;110;0;5767;5767;19;14033;0;14030;3
7/1/2026;2;MIÉRCOLES;7;1;enero;2026;5735;1603;344;3788;533;330;176;27;373;323;50;838;838;848;500;213;116;14;5;272;189;59;5;14;5;256;246;5;5;540;300;240;0;7533;7533;21;326;0;4;322
8/1/2026;2;JUEVES;8;1;enero;2026;4789;688;311;3790;561;373;161;27;424;380;44;841;841;1027;704;191;120;8;4;293;236;37;8;8;4;266;254;8;4;456;330;126;0;1624;1624;18;57730;57338;0;392
9/1/2026;2;VIERNES;9;1;enero;2026;4678;840;259;3579;494;334;133;27;362;335;27;789;789;1410;821;343;234;9;3;325;229;79;5;9;3;306;298;5;3;1602;269;1333;0;2558;2558;20;833;0;0;833
10/1/2026;2;SÁBADO;10;1;enero;2026;347;241;23;83;125;112;12;1;118;113;5;6;6;691;565;69;52;3;2;143;130;5;3;3;2;139;134;3;2;0;0;0;0;0;0;0;0;0;0;0
11/1/2026;3;DOMINGO;11;1;enero;2026;0;0;0;0;0;0;0;0;0;0;0;0;0;0;0;0;0;0;0;0;0;0;0;0;0;0;0;0;0;0;0;0;0;0;0;0;0;0;0;0
12/1/2026;3;LUNES;12;1;enero;2026;7099;2271;386;4442;586;363;196;27;413;365;48;706;706;1018;709;113;176;16;4;240;192;24;4;16;4;218;210;4;4;369;191;178;0;2670;2670;11;137;5;0;132
13/1/2026;3;MARTES;13;1;enero;2026;6493;2024;370;4099;603;386;190;27;431;385;46;823;823;1187;822;175;178;9;3;218;181;20;5;9;3;198;193;3;2;3449;142;127;3180;2492;2492;12;2610;0;8;2602
14/1/2026;3;MIÉRCOLES;14;1;enero;2026;5887;1615;316;3956;560;372;161;27;422;366;56;869;869;1023;544;216;250;10;3;235;179;35;9;10;2;228;217;2;9;342;165;177;0;2951;2951;17;5031;2770;0;2261
15/1/2026;3;JUEVES;15;1;enero;2026;5956;1598;328;4030;539;346;166;27;394;342;52;884;884;1583;974;203;388;8;10;292;227;41;6;8;10;280;264;10;6;5839;5643;196;0;2905;2905;15;15;13;0;2
16/1/2026;3;VIERNES;16;1;enero;2026;5281;1427;299;3555;498;318;153;27;355;317;38;776;776;983;634;141;178;15;15;222;166;33;2;15;6;200;191;6;3;442;349;93;0;1958;1958;17;42939;42344;0;595
17/1/2026;3;SÁBADO;17;1;enero;2026;875;752;60;63;155;124;30;1;137;124;13;13;13;297;191;12;94;0;0;22;19;1;2;0;0;21;19;2;0;0;0;0;0;0;0;0;116;0;0;116
18/1/2026;4;DOMINGO;18;1;enero;2026;0;0;0;0;0;0;0;0;0;0;0;0;0;0;0;0;0;0;0;0;0;0;0;0;0;0;0;0;0;0;0;0;0;0;0;0;0;0;0;0
19/1/2026;4;LUNES;19;1;enero;2026;5928;846;332;4750;539;337;167;35;387;331;56;858;858;815;598;181;15;15;6;250;201;27;1;15;6;231;223;6;2;237;75;162;0;1423;1423;26;30;0;0;30
20/1/2026;4;MARTES;20;1;enero;2026;5430;1086;321;4023;618;423;166;29;454;417;37;920;920;1012;725;177;91;11;8;215;160;30;7;11;7;193;181;7;5;229;121;108;0;6069;6069;17;99;0;0;99
21/1/2026;4;MIÉRCOLES;21;1;enero;2026;5469;1035;360;4074;549;338;184;27;394;334;60;804;804;936;536;157;221;14;8;219;164;32;5;14;4;192;183;4;5;388;261;127;0;2263;2263;16;2279;2056;110;113
22/1/2026;4;JUEVES;22;1;enero;2026;4841;826;242;3773;428;277;124;27;318;279;39;943;943;1190;691;268;205;14;12;234;172;36;4;14;8;217;205;8;4;381;170;211;0;2576;2576;25;161;0;12;149
23/1/2026;4;VIERNES;23;1;enero;2026;4976;1301;286;3389;487;314;146;27;340;312;28;605;605;664;438;114;89;19;4;191;143;22;3;19;4;156;150;3;3;166;96;70;0;3328;3328;16;3;0;0;3
24/1/2026;4;SÁBADO;24;1;enero;2026;361;305;0;56;113;112;0;1;112;112;0;0;0;259;77;17;161;1;3;22;12;5;3;1;1;20;16;1;3;1;0;1;0;0;0;0;0;0;0;0
25/1/2026;5;DOMINGO;25;1;enero;2026;0;0;0;0;0;0;0;0;0;0;0;0;0;0;0;0;0;0;0;0;0;0;0;0;0;0;0;0;0;0;0;0;0;0;0;0;0;0;0;0
26/1/2026;5;LUNES;26;1;enero;2026;5466;826;437;4203;576;327;222;27;400;334;66;890;890;781;416;131;215;13;6;121;77;20;5;13;6;106;95;6;5;0;0;0;0;0;0;26;2298;148;2050;100
27/1/2026;5;MARTES;27;1;enero;2026;5182;823;278;4081;569;401;141;27;445;402;43;881;881;923;498;157;245;14;9;227;158;36;11;14;8;202;185;8;9;0;0;0;0;6741;6741;16;229;0;0;229
28/1/2026;5;MIÉRCOLES;28;1;enero;2026;5148;947;404;3797;612;380;205;27;429;375;54;481;481;759;391;135;214;18;1;145;100;23;3;18;1;121;117;1;3;313;187;126;0;2378;2378;15;150;0;0;150
29/1/2026;5;JUEVES;29;1;enero;2026;5974;1757;307;3910;577;391;157;29;426;389;37;879;879;746;505;86;129;15;11;186;144;17;4;15;6;165;155;6;4;2301;2251;50;0;4923;4923;24;406;0;30;376
30/1/2026;5;VIERNES;30;1;enero;2026;5028;1428;276;3324;466;298;141;27;340;302;38;892;892;669;378;131;139;17;4;197;147;23;7;17;3;173;163;3;7;711;405;110;196;8272;8272;21;77;0;0;77
31/1/2026;5;SÁBADO;31;1;enero;2026;486;346;54;86;153;125;27;1;127;123;4;69;69;635;485;137;0;12;1;159;124;22;0;12;1;139;138;1;0;0;0;0;0;1;1;1;0;0;0;0
1/2/2026;6;DOMINGO;1;2;febrero;2026;0;0;0;0;0;0;0;0;0;0;0;0;0;0;0;0;0;0;0;0;0;0;0;0;0;0;0;0;0;0;0;0;0;0;0;0;0;0;0;0
2/2/2026;6;LUNES;2;2;febrero;2026;5605;870;485;4250;632;360;245;27;414;360;54;767;767;1157;833;172;131;17;4;268;227;16;4;17;4;240;232;4;4;436;298;138;0;2280;2280;29;29432;14;19220;10198
3/2/2026;6;MARTES;3;2;febrero;2026;5174;1259;349;3566;595;390;178;27;433;383;50;754;754;821;575;57;172;14;3;161;132;5;7;14;3;141;132;3;6;1601;1601;0;0;2759;2759;19;16;0;0;16
4/2/2026;6;MIÉRCOLES;4;2;febrero;2026;5500;1175;327;3998;557;364;166;27;420;372;48;806;806;1125;550;85;401;8;81;186;145;18;13;8;2;170;157;2;11;1137;129;1008;0;1320;1320;22;14;14;0;0
5/2/2026;6;JUEVES;5;2;febrero;2026;5724;1297;347;4080;557;354;176;27;392;354;38;844;844;945;734;198;0;6;7;230;170;49;0;6;5;206;201;5;0;569;346;223;0;1065;1065;13;16245;0;4;16241
6/2/2026;6;VIERNES;6;2;febrero;2026;5258;915;283;4060;554;380;147;27;410;372;38;883;883;869;411;106;338;10;4;162;117;22;9;10;4;141;128;4;9;3076;131;86;2859;4931;4931;22;47793;37296;0;10497
7/2/2026;6;SÁBADO;7;2;febrero;2026;638;435;117;86;222;161;60;1;170;159;11;12;12;750;661;84;0;1;4;175;151;20;0;1;3;171;168;3;0;0;0;0;0;0;0;0;0;0;0;0
8/2/2026;7;DOMINGO;8;2;febrero;2026;0;0;0;0;0;0;0;0;0;0;0;0;0;0;0;0;0;0;0;0;0;0;0;0;0;0;0;0;0;724;611;113;0;3373;3373;18;462;0;15;447
9/2/2026;7;LUNES;9;2;febrero;2026;0;0;0;0;744;517;200;27;605;530;75;881;881;1006;536;141;312;15;2;224;170;33;4;15;2;202;196;2;4;477;116;361;0;2299;2299;20;2249;0;0;2249
10/2/2026;7;MARTES;10;2;febrero;2026;6483;1162;393;4928;683;445;211;27;511;459;52;971;971;1468;754;438;152;12;112;254;199;30;5;12;8;234;220;11;3;422;227;195;0;6005;6005;20;133560;133528;0;32
11/2/2026;7;MIÉRCOLES;11;2;febrero;2026;5870;936;416;4518;783;507;248;28;579;509;70;1044;1044;1112;533;191;159;14;215;244;179;40;4;14;7;223;210;9;4;353;194;159;0;3040;3040;22;3606;3606;0;0
12/2/2026;7;JUEVES;12;2;febrero;2026;6619;1110;484;5025;643;446;170;27;479;443;36;889;889;1144;709;184;111;12;128;243;186;35;4;12;6;229;216;9;4;375;181;194;0;7323;7323;14;25;0;0;25
13/2/2026;7;VIERNES;13;2;febrero;2026;5746;1179;335;4232;606;395;183;28;413;378;35;843;843;1189;689;141;323;28;8;176;117;20;6;28;5;147;135;5;7;0;0;0;0;0;0;0;0;0;0;0
14/2/2026;7;SÁBADO;14;2;febrero;2026;5801;869;358;4574;163;107;55;1;122;108;14;41;41;711;448;72;181;9;1;127;109;5;3;9;1;115;110;1;4;0;0;0;0;0;0;0;0;0;0;0
15/2/2026;8;DOMINGO;15;2;febrero;2026;399;215;108;76;0;0;0;0;0;0;0;0;0;0;0;0;0;0;0;0;0;0;0;0;0;0;0;0;0;0;0;0;0;0;0;0;0;0;0;0
16/2/2026;8;LUNES;16;2;febrero;2026;0;0;0;0;0;0;0;0;0;0;0;0;0;0;0;0;0;0;0;0;0;0;0;0;0;0;0;0;0;0;0;0;0;0;0;0;0;0;0;0
17/2/2026;8;MARTES;17;2;febrero;2026;0;0;0;0;0;0;0;0;0;0;0;0;0;0;0;0;0;0;0;0;0;0;0;0;0;0;0;0;0;0;0;0;0;0;0;0;0;0;0;0
18/2/2026;8;MIÉRCOLES;18;2;febrero;2026;6623;1076;462;5085;755;492;236;27;569;484;85;950;950;3124;2846;116;0;28;134;243;198;11;0;28;6;210;203;7;0;2840;2682;158;0;1548;1548;21;113;0;0;113
19/2/2026;8;JUEVES;19;2;febrero;2026;6932;2006;380;4546;721;503;191;27;553;503;50;1000;1000;1067;605;250;134;15;63;208;148;32;8;15;5;181;171;5;5;538;215;323;0;4258;4258;23;10330;9598;0;732
20/2/2026;8;VIERNES;20;2;febrero;2026;4899;798;292;3809;546;371;149;26;429;371;58;917;917;918;568;259;54;14;23;193;150;22;1;14;6;173;167;5;1;491;207;221;63;1955;1955;24;2;0;0;2
21/2/2026;8;SÁBADO;21;2;febrero;2026;368;245;40;83;117;96;20;1;97;95;2;2;2;294;195;11;82;6;0;81;71;3;1;6;0;75;73;0;2;0;0;0;0;0;0;0;0;0;0;0
22/2/2026;9;DOMINGO;22;2;febrero;2026;0;0;0;0;0;0;0;0;0;0;0;0;0;0;0;0;0;0;0;0;0;0;0;0;0;0;0;0;0;0;0;0;0;0;0;0;0;0;0;0
23/2/2026;9;LUNES;23;2;febrero;2026;6911;1545;463;4903;854;589;238;27;664;599;65;958;958;763;468;184;56;12;43;202;144;38;3;12;5;186;170;10;6;852;727;125;0;4253;4253;26;3091;20;0;3071
24/2/2026;9;MARTES;24;2;febrero;2026;6060;1115;340;4605;708;509;172;27;550;493;57;809;809;921;662;228;12;14;5;232;163;50;1;14;4;215;204;10;1;3408;3112;296;0;5393;5393;20;5;0;4;1
25/2/2026;9;MIÉRCOLES;25;2;febrero;2026;6201;1364;322;4515;660;468;165;27;509;461;48;925;925;835;388;124;280;14;29;187;130;27;11;14;5;161;146;6;9;305;178;127;0;2648;2648;17;91662;0;4;91658
26/2/2026;9;JUEVES;26;2;febrero;2026;6592;2041;303;4248;646;462;157;27;501;454;47;861;861;1202;533;169;448;18;34;235;169;36;5;18;7;213;202;6;5;1250;111;1139;0;4257;4257;35;724;28;0;696
27/2/2026;9;VIERNES;27;2;febrero;2026;5980;1268;280;4432;638;460;151;27;502;451;51;898;898;1350;850;296;176;21;7;286;211;49;3;21;2;265;258;3;4;408;150;258;0;338;338;18;23;0;0;23
28/2/2026;9;SÁBADO;28;2;febrero;2026;570;443;0;127;160;159;0;1;162;162;0;0;0;348;297;51;0;0;0;96;88;8;0;0;0;92;92;0;0;0;0;0;0;1;1;1;0;0;0;0
1/3/2026;10;DOMINGO;1;3;marzo;2026;0;0;0;0;0;0;0;0;0;0;0;0;0;0;0;0;0;0;0;0;0;0;0;0;0;0;0;0;0;0;0;0;0;0;0;0;0;0;0;0
2/3/2026;10;LUNES;2;3;marzo;2026;7008;1349;455;5204;766;505;234;27;613;520;93;910;910;1097;644;164;208;19;62;278;210;30;5;19;14;256;237;14;5;232;108;124;0;2472;2472;21;46;0;0;46
3/3/2026;10;MARTES;3;3;marzo;2026;6855;1419;307;5129;782;599;155;28;660;605;55;1018;1018;952;511;159;263;15;4;218;160;36;3;15;4;194;185;4;5;3075;2.976;99;0;9937;9937;24;34;0;4;30
4/3/2026;10;MIÉRCOLES;4;3;marzo;2026;6074;1000;309;4765;651;466;158;27;494;459;35;995;995;997;569;191;218;7;12;234;181;34;8;7;4;213;204;4;5;2803;1.433;1.370;0;3145;3145;17;166;5;5;156
5/3/2026;10;JUEVES;5;3;marzo;2026;6061;1357;356;4348;705;497;181;27;540;488;52;889;889;1323;525;421;357;17;3;228;142;59;7;17;3;203;193;3;7;708;557;151;0;4325;4325;27;54;0;0;54
6/3/2026;10;VIERNES;6;3;marzo;2026;6396;1636;342;4418;695;492;176;27;540;500;40;828;828;963;548;214;174;20;7;224;159;35;3;20;7;207;197;6;4;347;189;158;0;6296;6296;29;192;0;0;192
7/3/2026;10;SÁBADO;7;3;marzo;2026;413;310;10;93;143;137;5;1;142;141;1;1;1;363;249;31;77;5;1;92;81;3;2;5;1;78;75;1;2;0;;;;0;;;7;0;0;7
8/3/2026;11;DOMINGO;8;3;marzo;2026;0;;;;0;;;;0;;;0;;0;;;;;;0;0;0;0;0;0;0;;;;0;;;;0;;;0;;;
9/3/2026;11;LUNES;9;3;marzo;2026;6805;1337;475;4993;790;521;242;27;598;538;60;1074;1074;977;564;279;114;12;8;241;192;31;2;12;4;218;212;4;2;359;130;229;0;2291;2291;18;50523;0;0;50523
10/3/2026;11;MARTES;10;3;marzo;2026;7302;1105;339;5858;713;512;172;29;582;516;66;958;958;931;590;184;75;13;69;213;161;29;4;13;6;197;188;4;5;1475;1322;153;0;1618;1618;16;5369;0;0;5369
11/3/2026;11;MIÉRCOLES;11;3;marzo;2026;6392;1265;376;4751;674;455;192;27;526;460;66;985;985;945;621;225;77;12;10;282;223;34;5;12;8;258;246;3;9;374;206;168;0;7940;7940;19;0;0;0;0
12/3/2026;11;JUEVES;12;3;marzo;2026;6464;1345;318;4801;721;531;163;27;591;535;56;947;947;932;648;166;77;18;23;214;167;22;4;18;3;194;186;5;3;1214;1076;138;0;3768;3768;21;141;0;0;141
13/3/2026;11;VIERNES;13;3;marzo;2026;6179;1270;308;4601;621;437;157;27;481;430;51;791;791;1222;801;146;268;7;0;203;166;23;6;7;1;1952;1945;6;1;6296;173;123;6000;2429;2429;31;27626;0;0;27626
14/3/2026;11;SÁBADO;14;3;marzo;2026;572;457;0;115;156;155;0;1;157;157;0;217;217;140;33;0;103;2;2;22;14;0;4;2;2;18;14;4;0;0;0;0;0;0;0;0;0;0;0;0
15/3/2026;12;DOMINGO;15;3;marzo;2026;0;0;0;0;0;0;0;0;0;0;0;0;0;0;0;0;0;0;0;0;0;0;0;0;0;0;0;0;0;0;0;0;0;0;0;0;0;0;0;0
16/3/2026;12;LUNES;16;3;marzo;2026;6640;1039;429;5172;708;462;219;27;542;466;76;811;811;1271;599;217;435;17;3;243;183;33;7;17;3;228;217;3;8;1009;853;156;0;4586;4586;27;1047;0;0;1047
17/3/2026;12;MARTES;17;3;marzo;2026;6867;1132;321;5414;665;471;166;28;523;463;60;775;775;754;370;66;274;16;28;170;132;11;7;16;4;156;145;4;7;1290;1282;8;0;3602;3602;22;410;0;290;120
18/3/2026;12;MIÉRCOLES;18;3;marzo;2026;7331;2151;390;4790;768;538;203;27;598;530;68;1051;1051;1025;535;251;229;4;6;263;192;57;8;4;2;245;235;4;6;751;498;253;0;3493;3493;18;490;0;18;472
19/3/2026;12;JUEVES;19;3;marzo;2026;6751;1145;323;5283;595;400;168;27;453;397;56;775;775;1108;840;191;22;15;40;237;189;27;1;15;5;214;210;3;1;1501;1310;191;0;2252;2252;21;1794;0;1680;114
20/3/2026;12;VIERNES;20;3;marzo;2026;6296;1843;271;4182;694;529;138;27;563;520;43;961;961;872;562;190;90;15;15;244;177;40;4;15;8;223;214;5;4;2318;154;1164;1000;3670;3670;13;106;0;0;106
21/3/2026;12;SÁBADO;21;3;marzo;2026;335;204;26;105;111;97;13;1;98;95;3;8;8;559;493;46;17;3;0;61;55;2;1;3;0;53;51;0;2;0;0;0;0;0;0;0;0;0;0;0
22/3/2026;13;DOMINGO;22;3;marzo;2026;0;0;0;0;0;0;0;0;0;0;0;0;0;0;0;0;0;0;0;0;0;0;0;0;0;0;0;0;0;0;0;0;0;0;0;0;0;0;0;0
23/3/2026;13;LUNES;23;3;marzo;2026;6100;745;275;5080;515;344;144;27;393;357;36;832;832;158;122;25;1;8;2;158;122;25;1;8;2;147;144;2;1;1242;1217;25;0;3712;3712;26;324;13;0;311
24/3/2026;13;MARTES;24;3;marzo;2026;0;0;0;0;0;0;0;0;0;;;0;;0;0;0;0;0;0;0;0;0;0;0;0;0;;;;0;0;0;0;0;0;0;0;0;0;0
25/3/2026;13;MIÉRCOLES;25;3;marzo;2026;4799;1023;292;3484;597;418;151;28;472;413;59;983;983;134;97;9;8;13;7;134;97;9;8;13;7;124;105;11;8;1255;1255;0;0;4547;4547;16;30;0;0;30
26/3/2026;13;JUEVES;26;3;marzo;2026;6392;1526;255;4611;631;473;130;28;533;492;41;881;881;181;139;29;3;7;3;181;139;29;3;7;3;163;156;4;3;2313;2071;242;0;4028;4028;26;98;0;0;98
27/3/2026;13;VIERNES;27;3;marzo;2026;6293;895;262;5136;590;425;135;30;485;426;59;822;822;233;179;37;7;9;1;233;179;37;7;9;1;214;205;1;8;424;130;294;0;2470;2470;24;143;14;0;129
28/3/2026;13;SÁBADO;28;3;marzo;2026;471;349;0;122;156;155;0;1;157;157;;0;;63;54;6;0;3;0;63;54;6;0;3;0;57;57;;;0;0;0;0;0;;;0;;;
29/3/2026;14;DOMINGO;29;3;marzo;2026;0;0;0;0;0;0;0;0;0;0;0;0;0;0;0;0;0;0;0;0;0;0;0;0;0;0;0;0;0;0;0;0;0;0;0;0;0;0;0;0
30/3/2026;14;LUNES;30;3;marzo;2026;7150;1247;427;5476;743;496;218;29;553;504;49;682;682;993;676;179;116;8;14;260;214;30;4;8;4;248;238;6;4;247;137;110;0;1973;1973;16;156;116;0;40
31/3/2026;14;MARTES;31;3;marzo;2026;6260;1092;313;4855;679;486;163;30;530;492;38;860;860;1303;553;180;506;34;30;239;163;28;9;34;5;199;184;10;5;3553;2455;1098;0;5465;5465;20;28345;26126;0;2219
1/4/2026;14;MIÉRCOLES;1;4;abril;2026;5269;906;260;4103;514;352;135;27;388;344;44;810;810;1123;719;250;139;8;7;269;223;31;6;8;1;248;244;4;0;479;268;211;0;4250;4250;21;396;0;0;396
2/4/2026;14;JUEVES;2;4;abril;2026;0;0;0;0;0;0;0;0;0;0;0;0;0;0;0;0;0;0;0;0;0;0;0;0;0;0;0;0;0;0;0;0;0;0;0;0;0;0;0;0
3/4/2026;14;VIERNES;3;4;abril;2026;0;0;0;0;0;0;0;0;0;0;0;0;0;0;0;0;0;0;0;0;0;0;0;0;0;0;0;0;0;0;0;0;0;0;0;0;0;0;0;0
4/4/2026;14;SÁBADO;4;4;abril;2026;0;0;0;0;0;0;0;0;0;0;0;0;0;0;0;0;0;0;0;0;0;0;0;0;0;0;0;0;0;0;0;0;0;0;0;0;0;0;0;0
5/4/2026;15;DOMINGO;5;4;abril;2026;0;0;0;0;0;0;0;0;0;0;0;0;0;0;0;0;0;0;0;0;0;0;0;0;0;0;0;0;0;0;0;0;0;0;0;0;0;0;0;0
6/4/2026;15;LUNES;6;4;abril;2026;7613;1602;388;5623;751;526;197;28;586;526;60;861;861;1838;922;102;778;26;10;187;128;17;8;26;8;158;143;8;7;1346;1319;27;0;4588;4588;21;260;33;160;67
7/4/2026;15;MARTES;7;4;abril;2026;5869;1031;270;4568;540;376;137;27;431;384;47;992;992;894;594;260;1;12;27;267;203;45;1;12;6;237;229;7;1;774;394;380;0;5928;5928;28;388;0;0;388
8/4/2026;15;MIÉRCOLES;8;4;abril;2026;6665;1160;331;5174;621;424;169;28;477;431;46;912;912;994;630;176;174;11;3;269;206;43;6;11;3;250;242;3;5;1580;1484;96;0;5797;5797;17;1069;12;1040;17
9/4/2026;15;JUEVES;9;4;abril;2026;5727;1447;375;3905;641;423;191;27;479;430;49;838;838;1257;781;154;298;15;9;282;221;28;11;15;7;253;235;7;11;227;148;77;2;2073;2073;15;31577;0;26330;5247
10/4/2026;15;VIERNES;10;4;abril;2026;5322;894;308;4120;494;307;160;27;339;299;40;750;750;833;650;158;6;11;8;218;166;32;1;11;8;204;195;8;1;251;163;88;0;1067;1067;20;10196;0;0;10196
11/4/2026;15;SÁBADO;11;4;abril;2026;592;428;33;131;224;206;17;1;204;204;0;0;0;84;39;7;32;6;0;26;15;3;2;6;0;21;18;0;3;0;0;0;0;0;0;0;17;0;0;17
12/4/2026;16;DOMINGO;12;4;abril;2026;0;0;0;0;0;0;0;0;0;0;0;0;0;0;0;0;0;0;0;0;0;0;0;0;0;0;0;0;0;0;0;0;0;0;0;0;0;0;0;0
13/4/2026;16;LUNES;13;4;abril;2026;7471;1764;450;5257;736;477;232;27;544;473;71;843;843;1293;852;251;132;15;43;275;220;32;4;15;4;255;247;5;3;373;162;211;0;4465;4.465;20;11;0;0;11
14/4/2026;16;MARTES;14;4;abril;2026;6799;1420;344;5035;632;428;177;27;493;434;59;875;875;831;525;134;158;13;1;193;156;20;3;13;1;175;171;3;1;1750;1.669;81;0;4218;4.218;30;320;0;0;320
15/4/2026;16;MIÉRCOLES;15;4;abril;2026;5992;1015;363;4614;609;394;188;27;451;400;51;983;983;933;548;163;203;17;2;230;183;26;3;17;1;209;204;4;1;311;202;109;0;2269;2.269;13;908;0;0;908
16/4/2026;16;JUEVES;16;4;abril;2026;5826;935;309;4582;546;360;159;27;425;361;64;909;909;795;388;55;327;9;16;138;96;17;10;9;6;117;104;8;5;1272;1.261;11;0;4053;4.053;24;8815;0;8.618;197
17/4/2026;16;VIERNES;17;4;abril;2026;5021;815;251;3955;517;359;131;27;389;359;30;762;762;932;712;181;25;6;8;229;185;35;1;6;2;213;210;1;2;590;277;313;0;3206;3.206;14;334;0;200;134
18/4/2026;16;SÁBADO;18;4;abril;2026;360;260;0;100;76;75;0;1;75;75;;1;1;258;142;110;3;0;3;63;41;18;1;0;3;58;54;1;3;0;;;;0;;;0;;;
19/4/2026;17;DOMINGO;19;4;abril;2026;0;;;;0;;;;0;;;0;;0;;;;;;0;;;;;;0;;;;0;;;;0;;;0;;;
20/4/2026;17;LUNES;20;4;abril;2026;6581;1382;371;4828;646;427;192;27;478;422;56;766;766;675;402;132;38;12;91;183;129;29;2;12;11;165;156;7;2;331;227;104;0;748;748;12;105;0;0;105
21/4/2026;17;MARTES;21;4;abril;2026;6047;1306;368;4373;649;430;192;27;485;430;55;847;847;1073;617;47;234;6;169;150;108;11;9;6;16;133;114;9;10;873;864;9;0;5916;5916;18;15;0;0;15
22/4/2026;17;MIÉRCOLES;22;4;abril;2026;5577;859;366;4352;586;372;187;27;423;361;62;855;855;1115;589;268;114;2;142;297;226;48;5;2;16;284;258;24;2;927;463;256;208;7083;7083;26;203;20;0;183
23/4/2026;17;JUEVES;23;4;abril;2026;5290;1130;266;3894;523;359;137;27;399;361;38;699;699;1051;528;191;192;8;132;196;143;29;5;8;11;174;161;8;5;947;800;147;0;637;637;16;110;0;0;110
24/4/2026;17;VIERNES;24;4;abril;2026;5279;1289;300;3690;558;374;157;27;427;374;53;661;661;651;390;105;41;5;110;160;120;17;2;5;16;154;132;20;2;205;102;103;0;4784;4784;21;120830;120430;0;400
25/4/2026;17;SÁBADO;25;4;abril;2026;356;254;2;100;125;123;1;1;118;118;0;0;0;246;209;35;0;2;0;68;60;6;0;2;0;64;64;0;0;0;0;0;0;0;0;0;0;0;0;0
26/4/2026;18;DOMINGO;26;4;abril;2026;0;0;0;0;0;0;0;0;0;0;0;0;0;0;0;0;0;0;0;0;0;0;0;0;0;0;0;0;0;0;0;0;0;0;0;0;0;0;0;0
27/4/2026;18;LUNES;27;4;abril;2026;6381;1475;418;4488;653;411;215;27;483;403;80;730;730;943;315;68;107;11;442;162;107;21;5;11;18;143;119;18;6;118;52;40;26;1331;1331;17;145;0;0;145
28/4/2026;18;MARTES;28;4;abril;2026;5573;1030;326;4217;538;341;171;26;392;336;56;782;782;943;557;217;136;7;26;245;191;42;2;7;3;233;227;4;2;412;225;187;0;1834;1834;16;173;11;0;162
29/4/2026;18;MIÉRCOLES;29;4;abril;2026;5218;1088;321;3809;579;388;164;27;451;401;50;840;840;1345;743;166;380;11;45;238;176;37;7;11;7;222;209;7;6;2382;1258;1124;0;6491;6491;18;1017;0;0;1017
30/4/2026;18;JUEVES;30;4;abril;2026;4852;831;271;3750;487;318;142;27;358;324;34;788;788;928;531;235;127;6;29;208;159;33;4;6;6;196;186;6;4;1205;127;278;800;3015;3015;18;1;0;0;1
1/5/2026;18;VIERNES;1;5;mayo;2026;0;0;0;0;0;0;0;0;0;0;0;0;0;0;0;0;0;0;0;0;0;0;0;0;0;0;0;0;0;0;0;0;0;0;0;0;0;0;0;0
2/5/2026;18;SÁBADO;2;5;mayo;2026;0;0;0;0;0;0;0;0;0;0;0;0;0;0;0;0;0;0;0;0;0;0;0;0;0;0;0;0;0;0;0;0;0;0;0;0;0;0;0;0
3/5/2026;19;DOMINGO;3;5;mayo;2026;0;0;0;0;0;0;0;0;0;0;0;0;0;0;0;0;0;0;0;0;0;0;0;0;0;0;0;0;0;0;0;0;0;0;0;0;0;0;0;0
4/5/2026;19;LUNES;4;5;mayo;2026;6224;1263;414;4547;820;581;211;28;635;565;70;895;895;913;548;160;180;24;1;175;114;32;4;24;1;135;131;3;1;1289;1157;132;0;2992;2992;15;180;0;0;180
5/5/2026;19;MARTES;5;5;mayo;2026;7802;2579;310;4913;622;433;162;27;485;433;52;788;788;1143;680;176;270;8;9;224;181;23;7;8;5;214;201;8;5;371;154;217;0;3725;3725;22;191;0;0;191
6/5/2026;19;MIÉRCOLES;6;5;mayo;2026;6139;1220;277;4642;607;439;141;27;479;440;39;849;849;1653;1215;227;199;8;4;194;152;25;5;8;4;169;162;3;4;1715;1403;312;0;4888;4888;22;174;0;0;174
7/5/2026;19;JUEVES;7;5;mayo;2026;5925;906;438;4581;621;370;224;27;442;380;62;881;881;1317;791;417;96;12;1;218;184;19;2;12;1;199;195;3;1;351;140;211;0;4221;4221;17;21377;0;0;21377
8/5/2026;19;VIERNES;8;5;mayo;2026;5094;801;254;4039;497;339;130;28;385;347;38;864;864;1003;604;279;109;11;0;246;194;35;6;11;0;221;215;6;0;385;167;218;0;632;632;14;320;0;0;320
9/5/2026;19;SÁBADO;9;5;mayo;2026;712;536;79;97;206;165;40;1;172;166;6;9;9;167;74;44;48;0;1;37;28;7;1;0;1;36;34;1;1;0;0;0;0;0;0;0;0;0;0;0
10/5/2026;20;DOMINGO;10;5;mayo;2026;0;0;0;0;0;0;0;0;0;0;0;0;0;0;0;0;0;0;0;0;0;0;0;0;0;0;0;0;0;0;0;0;0;0;0;0;0;0;0;0
11/5/2026;20;LUNES;11;5;mayo;2026;6283;1063;445;4775;643;389;227;27;457;386;71;834;834;1128;764;222;123;18;1;260;198;34;9;18;1;230;220;9;1;421;176;245;0;4935;4935;18;129;44;0;85
12/5/2026;20;MARTES;12;5;mayo;2026;6288;976;397;4915;666;434;204;28;502;434;68;934;934;1160;701;165;270;14;10;224;169;26;8;14;7;205;191;8;6;1630;1279;351;0;1063;1063;23;8935;8806;0;129
13/5/2026;20;MIÉRCOLES;13;5;mayo;2026;6449;1124;356;4969;556;347;182;27;418;347;71;896;896;1371;831;374;150;8;8;241;186;40;4;8;3;233;227;4;2;368;151;217;0;1508;1508;18;69;8;0;61
14/5/2026;20;JUEVES;14;5;mayo;2026;6498;1542;394;4562;640;413;200;27;472;406;66;928;928;1087;531;310;220;14;12;201;149;30;6;14;2;177;169;6;2;367;151;216;0;1743;1743;16;1173;0;0;1173
15/5/2026;20;VIERNES;15;5;mayo;2026;6188;1611;307;4270;615;432;156;27;483;434;49;723;723;1131;695;85;242;13;96;142;108;11;5;13;5;113;105;6;2;285;163;122;0;502;502;20;81;0;0;81
16/5/2026;20;SÁBADO;16;5;mayo;2026;331;199;0;132;104;103;0;1;105;105;0;26;26;446;388;52;0;6;0;77;66;5;0;6;0;68;68;0;0;100;0;100;0;0;0;0;0;0;0;0
17/5/2026;21;DOMINGO;17;5;mayo;2026;0;0;0;0;0;0;0;0;0;0;0;0;0;0;0;0;0;0;0;0;0;0;0;0;0;0;0;0;0;0;0;0;0;0;0;0;0;0;0;0
18/5/2026;21;LUNES;18;5;mayo;2026;0;;;;0;;;;0;;;0;;0;;;;;;0;;;;;;0;;;;0;;;;0;;;0;;;
19/5/2026;21;MARTES;19;5;mayo;2026;0;;;;0;;;;0;;;0;;0;;;;;;0;;;;;;0;;;;0;;;;0;;;0;;;
20/5/2026;21;MIÉRCOLES;20;5;mayo;2026;0;;;;0;;;;0;;;0;;0;;;;;;0;;;;;;0;;;;0;;;;0;;;0;;;
21/5/2026;21;JUEVES;21;5;mayo;2026;0;;;;0;;;;0;;;0;;0;;;;;;0;;;;;;0;;;;0;;;;0;;;0;;;
22/5/2026;21;VIERNES;22;5;mayo;2026;0;;;;0;;;;0;;;0;;0;;;;;;0;;;;;;0;;;;0;;;;0;;;0;;;
23/5/2026;21;SÁBADO;23;5;mayo;2026;0;;;;0;;;;0;;;0;;0;;;;;;0;;;;;;0;;;;0;;;;0;;;0;;;
24/5/2026;22;DOMINGO;24;5;mayo;2026;0;;;;0;;;;0;;;0;;0;;;;;;0;;;;;;0;;;;0;;;;0;;;0;;;
25/5/2026;22;LUNES;25;5;mayo;2026;0;;;;0;;;;0;;;0;;0;;;;;;0;;;;;;0;;;;0;;;;0;;;0;;;
26/5/2026;22;MARTES;26;5;mayo;2026;0;;;;0;;;;0;;;0;;0;;;;;;0;;;;;;0;;;;0;;;;0;;;0;;;
27/5/2026;22;MIÉRCOLES;27;5;mayo;2026;0;;;;0;;;;0;;;0;;0;;;;;;0;;;;;;0;;;;0;;;;0;;;0;;;
28/5/2026;22;JUEVES;28;5;mayo;2026;0;;;;0;;;;0;;;0;;0;;;;;;0;;;;;;0;;;;0;;;;0;;;0;;;
29/5/2026;22;VIERNES;29;5;mayo;2026;0;;;;0;;;;0;;;0;;0;;;;;;0;;;;;;0;;;;0;;;;0;;;0;;;
30/5/2026;22;SÁBADO;30;5;mayo;2026;0;;;;0;;;;0;;;0;;0;;;;;;0;;;;;;0;;;;0;;;;0;;;0;;;
31/5/2026;23;DOMINGO;31;5;mayo;2026;0;;;;0;;;;0;;;0;;0;;;;;;0;;;;;;0;;;;0;;;;0;;;0;;;
1/6/2026;23;LUNES;1;6;junio;2026;0;;;;0;;;;0;;;0;;0;;;;;;0;;;;;;0;;;;0;;;;0;;;0;;;
2/6/2026;23;MARTES;2;6;junio;2026;0;;;;0;;;;0;;;0;;0;;;;;;0;;;;;;0;;;;0;;;;0;;;0;;;
3/6/2026;23;MIÉRCOLES;3;6;junio;2026;0;;;;0;;;;0;;;0;;0;;;;;;0;;;;;;0;;;;0;;;;0;;;0;;;
4/6/2026;23;JUEVES;4;6;junio;2026;0;;;;0;;;;0;;;0;;0;;;;;;0;;;;;;0;;;;0;;;;0;;;0;;;
5/6/2026;23;VIERNES;5;6;junio;2026;0;;;;0;;;;0;;;0;;0;;;;;;0;;;;;;0;;;;0;;;;0;;;0;;;
6/6/2026;23;SÁBADO;6;6;junio;2026;0;;;;0;;;;0;;;0;;0;;;;;;0;;;;;;0;;;;0;;;;0;;;0;;;
7/6/2026;24;DOMINGO;7;6;junio;2026;0;;;;0;;;;0;;;0;;0;;;;;;0;;;;;;0;;;;0;;;;0;;;0;;;
8/6/2026;24;LUNES;8;6;junio;2026;0;;;;0;;;;0;;;0;;0;;;;;;0;;;;;;0;;;;0;;;;0;;;0;;;
9/6/2026;24;MARTES;9;6;junio;2026;0;;;;0;;;;0;;;0;;0;;;;;;0;;;;;;0;;;;0;;;;0;;;0;;;
10/6/2026;24;MIÉRCOLES;10;6;junio;2026;0;;;;0;;;;0;;;0;;0;;;;;;0;;;;;;0;;;;0;;;;0;;;0;;;
11/6/2026;24;JUEVES;11;6;junio;2026;0;;;;0;;;;0;;;0;;0;;;;;;0;;;;;;0;;;;0;;;;0;;;0;;;
12/6/2026;24;VIERNES;12;6;junio;2026;0;;;;0;;;;0;;;0;;0;;;;;;0;;;;;;0;;;;0;;;;0;;;0;;;
13/6/2026;24;SÁBADO;13;6;junio;2026;0;;;;0;;;;0;;;0;;0;;;;;;0;;;;;;0;;;;0;;;;0;;;0;;;
14/6/2026;25;DOMINGO;14;6;junio;2026;0;;;;0;;;;0;;;0;;0;;;;;;0;;;;;;0;;;;0;;;;0;;;0;;;
15/6/2026;25;LUNES;15;6;junio;2026;0;;;;0;;;;0;;;0;;0;;;;;;0;;;;;;0;;;;0;;;;0;;;0;;;
16/6/2026;25;MARTES;16;6;junio;2026;0;;;;0;;;;0;;;0;;0;;;;;;0;;;;;;0;;;;0;;;;0;;;0;;;
17/6/2026;25;MIÉRCOLES;17;6;junio;2026;0;;;;0;;;;0;;;0;;0;;;;;;0;;;;;;0;;;;0;;;;0;;;0;;;
18/6/2026;25;JUEVES;18;6;junio;2026;0;;;;0;;;;0;;;0;;0;;;;;;0;;;;;;0;;;;0;;;;0;;;0;;;
19/6/2026;25;VIERNES;19;6;junio;2026;0;;;;0;;;;0;;;0;;0;;;;;;0;;;;;;0;;;;0;;;;0;;;0;;;
20/6/2026;25;SÁBADO;20;6;junio;2026;0;;;;0;;;;0;;;0;;0;;;;;;0;;;;;;0;;;;0;;;;0;;;0;;;
21/6/2026;26;DOMINGO;21;6;junio;2026;0;;;;0;;;;0;;;0;;0;;;;;;0;;;;;;0;;;;0;;;;0;;;0;;;
22/6/2026;26;LUNES;22;6;junio;2026;0;;;;0;;;;0;;;0;;0;;;;;;0;;;;;;0;;;;0;;;;0;;;0;;;
23/6/2026;26;MARTES;23;6;junio;2026;0;;;;0;;;;0;;;0;;0;;;;;;0;;;;;;0;;;;0;;;;0;;;0;;;
24/6/2026;26;MIÉRCOLES;24;6;junio;2026;0;;;;0;;;;0;;;0;;0;;;;;;0;;;;;;0;;;;0;;;;0;;;0;;;
25/6/2026;26;JUEVES;25;6;junio;2026;0;;;;0;;;;0;;;0;;0;;;;;;0;;;;;;0;;;;0;;;;0;;;0;;;
26/6/2026;26;VIERNES;26;6;junio;2026;0;;;;0;;;;0;;;0;;0;;;;;;0;;;;;;0;;;;0;;;;0;;;0;;;
27/6/2026;26;SÁBADO;27;6;junio;2026;0;;;;0;;;;0;;;0;;0;;;;;;0;;;;;;0;;;;0;;;;0;;;0;;;
28/6/2026;27;DOMINGO;28;6;junio;2026;0;;;;0;;;;0;;;0;;0;;;;;;0;;;;;;0;;;;0;;;;0;;;0;;;
29/6/2026;27;LUNES;29;6;junio;2026;0;;;;0;;;;0;;;0;;0;;;;;;0;;;;;;0;;;;0;;;;0;;;0;;;
30/6/2026;27;MARTES;30;6;junio;2026;0;;;;0;;;;0;;;0;;0;;;;;;0;;;;;;0;;;;0;;;;0;;;0;;;
1/7/2026;27;MIÉRCOLES;1;7;julio;2026;0;;;;0;;;;0;;;0;;0;;;;;;0;;;;;;0;;;;0;;;;0;;;0;;;
2/7/2026;27;JUEVES;2;7;julio;2026;0;;;;0;;;;0;;;0;;0;;;;;;0;;;;;;0;;;;0;;;;0;;;0;;;
3/7/2026;27;VIERNES;3;7;julio;2026;0;;;;0;;;;0;;;0;;0;;;;;;0;;;;;;0;;;;0;;;;0;;;0;;;
4/7/2026;27;SÁBADO;4;7;julio;2026;0;;;;0;;;;0;;;0;;0;;;;;;0;;;;;;0;;;;0;;;;0;;;0;;;
5/7/2026;28;DOMINGO;5;7;julio;2026;0;;;;0;;;;0;;;0;;0;;;;;;0;;;;;;0;;;;0;;;;0;;;0;;;
6/7/2026;28;LUNES;6;7;julio;2026;0;;;;0;;;;0;;;0;;0;;;;;;0;;;;;;0;;;;0;;;;0;;;0;;;
7/7/2026;28;MARTES;7;7;julio;2026;0;;;;0;;;;0;;;0;;0;;;;;;0;;;;;;0;;;;0;;;;0;;;0;;;
8/7/2026;28;MIÉRCOLES;8;7;julio;2026;0;;;;0;;;;0;;;0;;0;;;;;;0;;;;;;0;;;;0;;;;0;;;0;;;
9/7/2026;28;JUEVES;9;7;julio;2026;0;;;;0;;;;0;;;0;;0;;;;;;0;;;;;;0;;;;0;;;;0;;;0;;;
10/7/2026;28;VIERNES;10;7;julio;2026;0;;;;0;;;;0;;;0;;0;;;;;;0;;;;;;0;;;;0;;;;0;;;0;;;
11/7/2026;28;SÁBADO;11;7;julio;2026;0;;;;0;;;;0;;;0;;0;;;;;;0;;;;;;0;;;;0;;;;0;;;0;;;
12/7/2026;29;DOMINGO;12;7;julio;2026;0;;;;0;;;;0;;;0;;0;;;;;;0;;;;;;0;;;;0;;;;0;;;0;;;
13/7/2026;29;LUNES;13;7;julio;2026;0;;;;0;;;;0;;;0;;0;;;;;;0;;;;;;0;;;;0;;;;0;;;0;;;
14/7/2026;29;MARTES;14;7;julio;2026;0;;;;0;;;;0;;;0;;0;;;;;;0;;;;;;0;;;;0;;;;0;;;0;;;
15/7/2026;29;MIÉRCOLES;15;7;julio;2026;0;;;;0;;;;0;;;0;;0;;;;;;0;;;;;;0;;;;0;;;;0;;;0;;;
16/7/2026;29;JUEVES;16;7;julio;2026;0;;;;0;;;;0;;;0;;0;;;;;;0;;;;;;0;;;;0;;;;0;;;0;;;
17/7/2026;29;VIERNES;17;7;julio;2026;0;;;;0;;;;0;;;0;;0;;;;;;0;;;;;;0;;;;0;;;;0;;;0;;;
18/7/2026;29;SÁBADO;18;7;julio;2026;0;;;;0;;;;0;;;0;;0;;;;;;0;;;;;;0;;;;0;;;;0;;;0;;;
19/7/2026;30;DOMINGO;19;7;julio;2026;0;;;;0;;;;0;;;0;;0;;;;;;0;;;;;;0;;;;0;;;;0;;;0;;;
20/7/2026;30;LUNES;20;7;julio;2026;0;;;;0;;;;0;;;0;;0;;;;;;0;;;;;;0;;;;0;;;;0;;;0;;;
21/7/2026;30;MARTES;21;7;julio;2026;0;;;;0;;;;0;;;0;;0;;;;;;0;;;;;;0;;;;0;;;;0;;;0;;;
22/7/2026;30;MIÉRCOLES;22;7;julio;2026;0;;;;0;;;;0;;;0;;0;;;;;;0;;;;;;0;;;;0;;;;0;;;0;;;
23/7/2026;30;JUEVES;23;7;julio;2026;0;;;;0;;;;0;;;0;;0;;;;;;0;;;;;;0;;;;0;;;;0;;;0;;;
24/7/2026;30;VIERNES;24;7;julio;2026;0;;;;0;;;;0;;;0;;0;;;;;;0;;;;;;0;;;;0;;;;0;;;0;;;
25/7/2026;30;SÁBADO;25;7;julio;2026;0;;;;0;;;;0;;;0;;0;;;;;;0;;;;;;0;;;;0;;;;0;;;0;;;
26/7/2026;31;DOMINGO;26;7;julio;2026;0;;;;0;;;;0;;;0;;0;;;;;;0;;;;;;0;;;;0;;;;0;;;0;;;
27/7/2026;31;LUNES;27;7;julio;2026;0;;;;0;;;;0;;;0;;0;;;;;;0;;;;;;0;;;;0;;;;0;;;0;;;
28/7/2026;31;MARTES;28;7;julio;2026;0;;;;0;;;;0;;;0;;0;;;;;;0;;;;;;0;;;;0;;;;0;;;0;;;
29/7/2026;31;MIÉRCOLES;29;7;julio;2026;0;;;;0;;;;0;;;0;;0;;;;;;0;;;;;;0;;;;0;;;;0;;;0;;;
30/7/2026;31;JUEVES;30;7;julio;2026;0;;;;0;;;;0;;;0;;0;;;;;;0;;;;;;0;;;;0;;;;0;;;0;;;
31/7/2026;31;VIERNES;31;7;julio;2026;0;;;;0;;;;0;;;0;;0;;;;;;0;;;;;;0;;;;0;;;;0;;;0;;;
1/8/2026;31;SÁBADO;1;8;agosto;2026;0;;;;0;;;;0;;;0;;0;;;;;;0;;;;;;0;;;;0;;;;0;;;0;;;
2/8/2026;32;DOMINGO;2;8;agosto;2026;0;;;;0;;;;0;;;0;;0;;;;;;0;;;;;;0;;;;0;;;;0;;;0;;;
3/8/2026;32;LUNES;3;8;agosto;2026;0;;;;0;;;;0;;;0;;0;;;;;;0;;;;;;0;;;;0;;;;0;;;0;;;
4/8/2026;32;MARTES;4;8;agosto;2026;0;;;;0;;;;0;;;0;;0;;;;;;0;;;;;;0;;;;0;;;;0;;;0;;;
5/8/2026;32;MIÉRCOLES;5;8;agosto;2026;0;;;;0;;;;0;;;0;;0;;;;;;0;;;;;;0;;;;0;;;;0;;;0;;;
6/8/2026;32;JUEVES;6;8;agosto;2026;0;;;;0;;;;0;;;0;;0;;;;;;0;;;;;;0;;;;0;;;;0;;;0;;;
7/8/2026;32;VIERNES;7;8;agosto;2026;0;;;;0;;;;0;;;0;;0;;;;;;0;;;;;;0;;;;0;;;;0;;;0;;;
8/8/2026;32;SÁBADO;8;8;agosto;2026;0;;;;0;;;;0;;;0;;0;;;;;;0;;;;;;0;;;;0;;;;0;;;0;;;
9/8/2026;33;DOMINGO;9;8;agosto;2026;0;;;;0;;;;0;;;0;;0;;;;;;0;;;;;;0;;;;0;;;;0;;;0;;;
10/8/2026;33;LUNES;10;8;agosto;2026;0;;;;0;;;;0;;;0;;0;;;;;;0;;;;;;0;;;;0;;;;0;;;0;;;
11/8/2026;33;MARTES;11;8;agosto;2026;0;;;;0;;;;0;;;0;;0;;;;;;0;;;;;;0;;;;0;;;;0;;;0;;;
12/8/2026;33;MIÉRCOLES;12;8;agosto;2026;0;;;;0;;;;0;;;0;;0;;;;;;0;;;;;;0;;;;0;;;;0;;;0;;;
13/8/2026;33;JUEVES;13;8;agosto;2026;0;;;;0;;;;0;;;0;;0;;;;;;0;;;;;;0;;;;0;;;;0;;;0;;;
14/8/2026;33;VIERNES;14;8;agosto;2026;0;;;;0;;;;0;;;0;;0;;;;;;0;;;;;;0;;;;0;;;;0;;;0;;;
15/8/2026;33;SÁBADO;15;8;agosto;2026;0;;;;0;;;;0;;;0;;0;;;;;;0;;;;;;0;;;;0;;;;0;;;0;;;
16/8/2026;34;DOMINGO;16;8;agosto;2026;0;;;;0;;;;0;;;0;;0;;;;;;0;;;;;;0;;;;0;;;;0;;;0;;;
17/8/2026;34;LUNES;17;8;agosto;2026;0;;;;0;;;;0;;;0;;0;;;;;;0;;;;;;0;;;;0;;;;0;;;0;;;
18/8/2026;34;MARTES;18;8;agosto;2026;0;;;;0;;;;0;;;0;;0;;;;;;0;;;;;;0;;;;0;;;;0;;;0;;;
19/8/2026;34;MIÉRCOLES;19;8;agosto;2026;0;;;;0;;;;0;;;0;;0;;;;;;0;;;;;;0;;;;0;;;;0;;;0;;;
20/8/2026;34;JUEVES;20;8;agosto;2026;0;;;;0;;;;0;;;0;;0;;;;;;0;;;;;;0;;;;0;;;;0;;;0;;;
21/8/2026;34;VIERNES;21;8;agosto;2026;0;;;;0;;;;0;;;0;;0;;;;;;0;;;;;;0;;;;0;;;;0;;;0;;;
22/8/2026;34;SÁBADO;22;8;agosto;2026;0;;;;0;;;;0;;;0;;0;;;;;;0;;;;;;0;;;;0;;;;0;;;0;;;
23/8/2026;35;DOMINGO;23;8;agosto;2026;0;;;;0;;;;0;;;0;;0;;;;;;0;;;;;;0;;;;0;;;;0;;;0;;;
24/8/2026;35;LUNES;24;8;agosto;2026;0;;;;0;;;;0;;;0;;0;;;;;;0;;;;;;0;;;;0;;;;0;;;0;;;
25/8/2026;35;MARTES;25;8;agosto;2026;0;;;;0;;;;0;;;0;;0;;;;;;0;;;;;;0;;;;0;;;;0;;;0;;;
26/8/2026;35;MIÉRCOLES;26;8;agosto;2026;0;;;;0;;;;0;;;0;;0;;;;;;0;;;;;;0;;;;0;;;;0;;;0;;;
27/8/2026;35;JUEVES;27;8;agosto;2026;0;;;;0;;;;0;;;0;;0;;;;;;0;;;;;;0;;;;0;;;;0;;;0;;;
28/8/2026;35;VIERNES;28;8;agosto;2026;0;;;;0;;;;0;;;0;;0;;;;;;0;;;;;;0;;;;0;;;;0;;;0;;;
29/8/2026;35;SÁBADO;29;8;agosto;2026;0;;;;0;;;;0;;;0;;0;;;;;;0;;;;;;0;;;;0;;;;0;;;0;;;
30/8/2026;36;DOMINGO;30;8;agosto;2026;0;;;;0;;;;0;;;0;;0;;;;;;0;;;;;;0;;;;0;;;;0;;;0;;;
31/8/2026;36;LUNES;31;8;agosto;2026;0;;;;0;;;;0;;;0;;0;;;;;;0;;;;;;0;;;;0;;;;0;;;0;;;
1/9/2026;36;MARTES;1;9;septiembre;2026;0;;;;0;;;;0;;;0;;0;;;;;;0;;;;;;0;;;;0;;;;0;;;0;;;
2/9/2026;36;MIÉRCOLES;2;9;septiembre;2026;0;;;;0;;;;0;;;0;;0;;;;;;0;;;;;;0;;;;0;;;;0;;;0;;;
3/9/2026;36;JUEVES;3;9;septiembre;2026;0;;;;0;;;;0;;;0;;0;;;;;;0;;;;;;0;;;;0;;;;0;;;0;;;
4/9/2026;36;VIERNES;4;9;septiembre;2026;0;;;;0;;;;0;;;0;;0;;;;;;0;;;;;;0;;;;0;;;;0;;;0;;;
5/9/2026;36;SÁBADO;5;9;septiembre;2026;0;;;;0;;;;0;;;0;;0;;;;;;0;;;;;;0;;;;0;;;;0;;;0;;;
6/9/2026;37;DOMINGO;6;9;septiembre;2026;0;;;;0;;;;0;;;0;;0;;;;;;0;;;;;;0;;;;0;;;;0;;;0;;;
7/9/2026;37;LUNES;7;9;septiembre;2026;0;;;;0;;;;0;;;0;;0;;;;;;0;;;;;;0;;;;0;;;;0;;;0;;;
8/9/2026;37;MARTES;8;9;septiembre;2026;0;;;;0;;;;0;;;0;;0;;;;;;0;;;;;;0;;;;0;;;;0;;;0;;;
9/9/2026;37;MIÉRCOLES;9;9;septiembre;2026;0;;;;0;;;;0;;;0;;0;;;;;;0;;;;;;0;;;;0;;;;0;;;0;;;
10/9/2026;37;JUEVES;10;9;septiembre;2026;0;;;;0;;;;0;;;0;;0;;;;;;0;;;;;;0;;;;0;;;;0;;;0;;;
11/9/2026;37;VIERNES;11;9;septiembre;2026;0;;;;0;;;;0;;;0;;0;;;;;;0;;;;;;0;;;;0;;;;0;;;0;;;
12/9/2026;37;SÁBADO;12;9;septiembre;2026;0;;;;0;;;;0;;;0;;0;;;;;;0;;;;;;0;;;;0;;;;0;;;0;;;
13/9/2026;38;DOMINGO;13;9;septiembre;2026;0;;;;0;;;;0;;;0;;0;;;;;;0;;;;;;0;;;;0;;;;0;;;0;;;
14/9/2026;38;LUNES;14;9;septiembre;2026;0;;;;0;;;;0;;;0;;0;;;;;;0;;;;;;0;;;;0;;;;0;;;0;;;
15/9/2026;38;MARTES;15;9;septiembre;2026;0;;;;0;;;;0;;;0;;0;;;;;;0;;;;;;0;;;;0;;;;0;;;0;;;
16/9/2026;38;MIÉRCOLES;16;9;septiembre;2026;0;;;;0;;;;0;;;0;;0;;;;;;0;;;;;;0;;;;0;;;;0;;;0;;;
17/9/2026;38;JUEVES;17;9;septiembre;2026;0;;;;0;;;;0;;;0;;0;;;;;;0;;;;;;0;;;;0;;;;0;;;0;;;
18/9/2026;38;VIERNES;18;9;septiembre;2026;0;;;;0;;;;0;;;0;;0;;;;;;0;;;;;;0;;;;0;;;;0;;;0;;;
19/9/2026;38;SÁBADO;19;9;septiembre;2026;0;;;;0;;;;0;;;0;;0;;;;;;0;;;;;;0;;;;0;;;;0;;;0;;;
20/9/2026;39;DOMINGO;20;9;septiembre;2026;0;;;;0;;;;0;;;0;;0;;;;;;0;;;;;;0;;;;0;;;;0;;;0;;;
21/9/2026;39;LUNES;21;9;septiembre;2026;0;;;;0;;;;0;;;0;;0;;;;;;0;;;;;;0;;;;0;;;;0;;;0;;;
22/9/2026;39;MARTES;22;9;septiembre;2026;0;;;;0;;;;0;;;0;;0;;;;;;0;;;;;;0;;;;0;;;;0;;;0;;;
23/9/2026;39;MIÉRCOLES;23;9;septiembre;2026;0;;;;0;;;;0;;;0;;0;;;;;;0;;;;;;0;;;;0;;;;0;;;0;;;
24/9/2026;39;JUEVES;24;9;septiembre;2026;0;;;;0;;;;0;;;0;;0;;;;;;0;;;;;;0;;;;0;;;;0;;;0;;;
25/9/2026;39;VIERNES;25;9;septiembre;2026;0;;;;0;;;;0;;;0;;0;;;;;;0;;;;;;0;;;;0;;;;0;;;0;;;
26/9/2026;39;SÁBADO;26;9;septiembre;2026;0;;;;0;;;;0;;;0;;0;;;;;;0;;;;;;0;;;;0;;;;0;;;0;;;
27/9/2026;40;DOMINGO;27;9;septiembre;2026;0;;;;0;;;;0;;;0;;0;;;;;;0;;;;;;0;;;;0;;;;0;;;0;;;
28/9/2026;40;LUNES;28;9;septiembre;2026;0;;;;0;;;;0;;;0;;0;;;;;;0;;;;;;0;;;;0;;;;0;;;0;;;
29/9/2026;40;MARTES;29;9;septiembre;2026;0;;;;0;;;;0;;;0;;0;;;;;;0;;;;;;0;;;;0;;;;0;;;0;;;
30/9/2026;40;MIÉRCOLES;30;9;septiembre;2026;0;;;;0;;;;0;;;0;;0;;;;;;0;;;;;;0;;;;0;;;;0;;;0;;;
1/10/2026;40;JUEVES;1;10;octubre;2026;0;;;;0;;;;0;;;0;;0;;;;;;0;;;;;;0;;;;0;;;;0;;;0;;;
2/10/2026;40;VIERNES;2;10;octubre;2026;0;;;;0;;;;0;;;0;;0;;;;;;0;;;;;;0;;;;0;;;;0;;;0;;;
3/10/2026;40;SÁBADO;3;10;octubre;2026;0;;;;0;;;;0;;;0;;0;;;;;;0;;;;;;0;;;;0;;;;0;;;0;;;
4/10/2026;41;DOMINGO;4;10;octubre;2026;0;;;;0;;;;0;;;0;;0;;;;;;0;;;;;;0;;;;0;;;;0;;;0;;;
5/10/2026;41;LUNES;5;10;octubre;2026;0;;;;0;;;;0;;;0;;0;;;;;;0;;;;;;0;;;;0;;;;0;;;0;;;
6/10/2026;41;MARTES;6;10;octubre;2026;0;;;;0;;;;0;;;0;;0;;;;;;0;;;;;;0;;;;0;;;;0;;;0;;;
7/10/2026;41;MIÉRCOLES;7;10;octubre;2026;0;;;;0;;;;0;;;0;;0;;;;;;0;;;;;;0;;;;0;;;;0;;;0;;;
8/10/2026;41;JUEVES;8;10;octubre;2026;0;;;;0;;;;0;;;0;;0;;;;;;0;;;;;;0;;;;0;;;;0;;;0;;;
9/10/2026;41;VIERNES;9;10;octubre;2026;0;;;;0;;;;0;;;0;;0;;;;;;0;;;;;;0;;;;0;;;;0;;;0;;;
10/10/2026;41;SÁBADO;10;10;octubre;2026;0;;;;0;;;;0;;;0;;0;;;;;;0;;;;;;0;;;;0;;;;0;;;0;;;
11/10/2026;42;DOMINGO;11;10;octubre;2026;0;;;;0;;;;0;;;0;;0;;;;;;0;;;;;;0;;;;0;;;;0;;;0;;;
12/10/2026;42;LUNES;12;10;octubre;2026;0;;;;0;;;;0;;;0;;0;;;;;;0;;;;;;0;;;;0;;;;0;;;0;;;
13/10/2026;42;MARTES;13;10;octubre;2026;0;;;;0;;;;0;;;0;;0;;;;;;0;;;;;;0;;;;0;;;;0;;;0;;;
14/10/2026;42;MIÉRCOLES;14;10;octubre;2026;0;;;;0;;;;0;;;0;;0;;;;;;0;;;;;;0;;;;0;;;;0;;;0;;;
15/10/2026;42;JUEVES;15;10;octubre;2026;0;;;;0;;;;0;;;0;;0;;;;;;0;;;;;;0;;;;0;;;;0;;;0;;;
16/10/2026;42;VIERNES;16;10;octubre;2026;0;;;;0;;;;0;;;0;;0;;;;;;0;;;;;;0;;;;0;;;;0;;;0;;;
17/10/2026;42;SÁBADO;17;10;octubre;2026;0;;;;0;;;;0;;;0;;0;;;;;;0;;;;;;0;;;;0;;;;0;;;0;;;
18/10/2026;43;DOMINGO;18;10;octubre;2026;0;;;;0;;;;0;;;0;;0;;;;;;0;;;;;;0;;;;0;;;;0;;;0;;;
19/10/2026;43;LUNES;19;10;octubre;2026;0;;;;0;;;;0;;;0;;0;;;;;;0;;;;;;0;;;;0;;;;0;;;0;;;
20/10/2026;43;MARTES;20;10;octubre;2026;0;;;;0;;;;0;;;0;;0;;;;;;0;;;;;;0;;;;0;;;;0;;;0;;;
21/10/2026;43;MIÉRCOLES;21;10;octubre;2026;0;;;;0;;;;0;;;0;;0;;;;;;0;;;;;;0;;;;0;;;;0;;;0;;;
22/10/2026;43;JUEVES;22;10;octubre;2026;0;;;;0;;;;0;;;0;;0;;;;;;0;;;;;;0;;;;0;;;;0;;;0;;;
23/10/2026;43;VIERNES;23;10;octubre;2026;0;;;;0;;;;0;;;0;;0;;;;;;0;;;;;;0;;;;0;;;;0;;;0;;;
24/10/2026;43;SÁBADO;24;10;octubre;2026;0;;;;0;;;;0;;;0;;0;;;;;;0;;;;;;0;;;;0;;;;0;;;0;;;
25/10/2026;44;DOMINGO;25;10;octubre;2026;0;;;;0;;;;0;;;0;;0;;;;;;0;;;;;;0;;;;0;;;;0;;;0;;;
26/10/2026;44;LUNES;26;10;octubre;2026;0;;;;0;;;;0;;;0;;0;;;;;;0;;;;;;0;;;;0;;;;0;;;0;;;
27/10/2026;44;MARTES;27;10;octubre;2026;0;;;;0;;;;0;;;0;;0;;;;;;0;;;;;;0;;;;0;;;;0;;;0;;;
28/10/2026;44;MIÉRCOLES;28;10;octubre;2026;0;;;;0;;;;0;;;0;;0;;;;;;0;;;;;;0;;;;0;;;;0;;;0;;;
29/10/2026;44;JUEVES;29;10;octubre;2026;0;;;;0;;;;0;;;0;;0;;;;;;0;;;;;;0;;;;0;;;;0;;;0;;;
30/10/2026;44;VIERNES;30;10;octubre;2026;0;;;;0;;;;0;;;0;;0;;;;;;0;;;;;;0;;;;0;;;;0;;;0;;;
31/10/2026;44;SÁBADO;31;10;octubre;2026;0;;;;0;;;;0;;;0;;0;;;;;;0;;;;;;0;;;;0;;;;0;;;0;;;
1/11/2026;45;DOMINGO;1;11;noviembre;2026;0;;;;0;;;;0;;;0;;0;;;;;;0;;;;;;0;;;;0;;;;0;;;0;;;
2/11/2026;45;LUNES;2;11;noviembre;2026;0;;;;0;;;;0;;;0;;0;;;;;;0;;;;;;0;;;;0;;;;0;;;0;;;
3/11/2026;45;MARTES;3;11;noviembre;2026;0;;;;0;;;;0;;;0;;0;;;;;;0;;;;;;0;;;;0;;;;0;;;0;;;
4/11/2026;45;MIÉRCOLES;4;11;noviembre;2026;0;;;;0;;;;0;;;0;;0;;;;;;0;;;;;;0;;;;0;;;;0;;;0;;;
5/11/2026;45;JUEVES;5;11;noviembre;2026;0;;;;0;;;;0;;;0;;0;;;;;;0;;;;;;0;;;;0;;;;0;;;0;;;
6/11/2026;45;VIERNES;6;11;noviembre;2026;0;;;;0;;;;0;;;0;;0;;;;;;0;;;;;;0;;;;0;;;;0;;;0;;;
7/11/2026;45;SÁBADO;7;11;noviembre;2026;0;;;;0;;;;0;;;0;;0;;;;;;0;;;;;;0;;;;0;;;;0;;;0;;;
8/11/2026;46;DOMINGO;8;11;noviembre;2026;0;;;;0;;;;0;;;0;;0;;;;;;0;;;;;;0;;;;0;;;;0;;;0;;;
9/11/2026;46;LUNES;9;11;noviembre;2026;0;;;;0;;;;0;;;0;;0;;;;;;0;;;;;;0;;;;0;;;;0;;;0;;;
10/11/2026;46;MARTES;10;11;noviembre;2026;0;;;;0;;;;0;;;0;;0;;;;;;0;;;;;;0;;;;0;;;;0;;;0;;;
11/11/2026;46;MIÉRCOLES;11;11;noviembre;2026;0;;;;0;;;;0;;;0;;0;;;;;;0;;;;;;0;;;;0;;;;0;;;0;;;
12/11/2026;46;JUEVES;12;11;noviembre;2026;0;;;;0;;;;0;;;0;;0;;;;;;0;;;;;;0;;;;0;;;;0;;;0;;;
13/11/2026;46;VIERNES;13;11;noviembre;2026;0;;;;0;;;;0;;;0;;0;;;;;;0;;;;;;0;;;;0;;;;0;;;0;;;
14/11/2026;46;SÁBADO;14;11;noviembre;2026;0;;;;0;;;;0;;;0;;0;;;;;;0;;;;;;0;;;;0;;;;0;;;0;;;
15/11/2026;47;DOMINGO;15;11;noviembre;2026;0;;;;0;;;;0;;;0;;0;;;;;;0;;;;;;0;;;;0;;;;0;;;0;;;
16/11/2026;47;LUNES;16;11;noviembre;2026;0;;;;0;;;;0;;;0;;0;;;;;;0;;;;;;0;;;;0;;;;0;;;0;;;
17/11/2026;47;MARTES;17;11;noviembre;2026;0;;;;0;;;;0;;;0;;0;;;;;;0;;;;;;0;;;;0;;;;0;;;0;;;
18/11/2026;47;MIÉRCOLES;18;11;noviembre;2026;0;;;;0;;;;0;;;0;;0;;;;;;0;;;;;;0;;;;0;;;;0;;;0;;;
19/11/2026;47;JUEVES;19;11;noviembre;2026;0;;;;0;;;;0;;;0;;0;;;;;;0;;;;;;0;;;;0;;;;0;;;0;;;
20/11/2026;47;VIERNES;20;11;noviembre;2026;0;;;;0;;;;0;;;0;;0;;;;;;0;;;;;;0;;;;0;;;;0;;;0;;;
21/11/2026;47;SÁBADO;21;11;noviembre;2026;0;;;;0;;;;0;;;0;;0;;;;;;0;;;;;;0;;;;0;;;;0;;;0;;;
22/11/2026;48;DOMINGO;22;11;noviembre;2026;0;;;;0;;;;0;;;0;;0;;;;;;0;;;;;;0;;;;0;;;;0;;;0;;;
23/11/2026;48;LUNES;23;11;noviembre;2026;0;;;;0;;;;0;;;0;;0;;;;;;0;;;;;;0;;;;0;;;;0;;;0;;;
24/11/2026;48;MARTES;24;11;noviembre;2026;0;;;;0;;;;0;;;0;;0;;;;;;0;;;;;;0;;;;0;;;;0;;;0;;;
25/11/2026;48;MIÉRCOLES;25;11;noviembre;2026;0;;;;0;;;;0;;;0;;0;;;;;;0;;;;;;0;;;;0;;;;0;;;0;;;
26/11/2026;48;JUEVES;26;11;noviembre;2026;0;;;;0;;;;0;;;0;;0;;;;;;0;;;;;;0;;;;0;;;;0;;;0;;;
27/11/2026;48;VIERNES;27;11;noviembre;2026;0;;;;0;;;;0;;;0;;0;;;;;;0;;;;;;0;;;;0;;;;0;;;0;;;
28/11/2026;48;SÁBADO;28;11;noviembre;2026;0;;;;0;;;;0;;;0;;0;;;;;;0;;;;;;0;;;;0;;;;0;;;0;;;
29/11/2026;49;DOMINGO;29;11;noviembre;2026;0;;;;0;;;;0;;;0;;0;;;;;;0;;;;;;0;;;;0;;;;0;;;0;;;
30/11/2026;49;LUNES;30;11;noviembre;2026;0;;;;0;;;;0;;;0;;0;;;;;;0;;;;;;0;;;;0;;;;0;;;0;;;
1/12/2026;49;MARTES;1;12;diciembre;2026;0;;;;0;;;;0;;;0;;0;;;;;;0;;;;;;0;;;;0;;;;0;;;0;;;
2/12/2026;49;MIÉRCOLES;2;12;diciembre;2026;0;;;;0;;;;0;;;0;;0;;;;;;0;;;;;;0;;;;0;;;;0;;;0;;;
3/12/2026;49;JUEVES;3;12;diciembre;2026;0;;;;0;;;;0;;;0;;0;;;;;;0;;;;;;0;;;;0;;;;0;;;0;;;
4/12/2026;49;VIERNES;4;12;diciembre;2026;0;;;;0;;;;0;;;0;;0;;;;;;0;;;;;;0;;;;0;;;;0;;;0;;;
5/12/2026;49;SÁBADO;5;12;diciembre;2026;0;;;;0;;;;0;;;0;;0;;;;;;0;;;;;;0;;;;0;;;;0;;;0;;;
6/12/2026;50;DOMINGO;6;12;diciembre;2026;0;;;;0;;;;0;;;0;;0;;;;;;0;;;;;;0;;;;0;;;;0;;;0;;;
7/12/2026;50;LUNES;7;12;diciembre;2026;0;;;;0;;;;0;;;0;;0;;;;;;0;;;;;;0;;;;0;;;;0;;;0;;;
8/12/2026;50;MARTES;8;12;diciembre;2026;0;;;;0;;;;0;;;0;;0;;;;;;0;;;;;;0;;;;0;;;;0;;;0;;;
9/12/2026;50;MIÉRCOLES;9;12;diciembre;2026;0;;;;0;;;;0;;;0;;0;;;;;;0;;;;;;0;;;;0;;;;0;;;0;;;
10/12/2026;50;JUEVES;10;12;diciembre;2026;0;;;;0;;;;0;;;0;;0;;;;;;0;;;;;;0;;;;0;;;;0;;;0;;;
11/12/2026;50;VIERNES;11;12;diciembre;2026;0;;;;0;;;;0;;;0;;0;;;;;;0;;;;;;0;;;;0;;;;0;;;0;;;
12/12/2026;50;SÁBADO;12;12;diciembre;2026;0;;;;0;;;;0;;;0;;0;;;;;;0;;;;;;0;;;;0;;;;0;;;0;;;
13/12/2026;51;DOMINGO;13;12;diciembre;2026;0;;;;0;;;;0;;;0;;0;;;;;;0;;;;;;0;;;;0;;;;0;;;0;;;
14/12/2026;51;LUNES;14;12;diciembre;2026;0;;;;0;;;;0;;;0;;0;;;;;;0;;;;;;0;;;;0;;;;0;;;0;;;
15/12/2026;51;MARTES;15;12;diciembre;2026;0;;;;0;;;;0;;;0;;0;;;;;;0;;;;;;0;;;;0;;;;0;;;0;;;
16/12/2026;51;MIÉRCOLES;16;12;diciembre;2026;0;;;;0;;;;0;;;0;;0;;;;;;0;;;;;;0;;;;0;;;;0;;;0;;;
17/12/2026;51;JUEVES;17;12;diciembre;2026;0;;;;0;;;;0;;;0;;0;;;;;;0;;;;;;0;;;;0;;;;0;;;0;;;
18/12/2026;51;VIERNES;18;12;diciembre;2026;0;;;;0;;;;0;;;0;;0;;;;;;0;;;;;;0;;;;0;;;;0;;;0;;;
19/12/2026;51;SÁBADO;19;12;diciembre;2026;0;;;;0;;;;0;;;0;;0;;;;;;0;;;;;;0;;;;0;;;;0;;;0;;;
20/12/2026;52;DOMINGO;20;12;diciembre;2026;0;;;;0;;;;0;;;0;;0;;;;;;0;;;;;;0;;;;0;;;;0;;;0;;;
21/12/2026;52;LUNES;21;12;diciembre;2026;0;;;;0;;;;0;;;0;;0;;;;;;0;;;;;;0;;;;0;;;;0;;;0;;;
22/12/2026;52;MARTES;22;12;diciembre;2026;0;;;;0;;;;0;;;0;;0;;;;;;0;;;;;;0;;;;0;;;;0;;;0;;;
23/12/2026;52;MIÉRCOLES;23;12;diciembre;2026;0;;;;0;;;;0;;;0;;0;;;;;;0;;;;;;0;;;;0;;;;0;;;0;;;
24/12/2026;52;JUEVES;24;12;diciembre;2026;0;;;;0;;;;0;;;0;;0;;;;;;0;;;;;;0;;;;0;;;;0;;;0;;;
25/12/2026;52;VIERNES;25;12;diciembre;2026;0;;;;0;;;;0;;;0;;0;;;;;;0;;;;;;0;;;;0;;;;0;;;0;;;
26/12/2026;52;SÁBADO;26;12;diciembre;2026;0;;;;0;;;;0;;;0;;0;;;;;;0;;;;;;0;;;;0;;;;0;;;0;;;
27/12/2026;53;DOMINGO;27;12;diciembre;2026;0;;;;0;;;;0;;;0;;0;;;;;;0;;;;;;0;;;;0;;;;0;;;0;;;
28/12/2026;53;LUNES;28;12;diciembre;2026;0;;;;0;;;;0;;;0;;0;;;;;;0;;;;;;0;;;;0;;;;0;;;0;;;
29/12/2026;53;MARTES;29;12;diciembre;2026;0;;;;0;;;;0;;;0;;0;;;;;;0;;;;;;0;;;;0;;;;0;;;0;;;
30/12/2026;53;MIÉRCOLES;30;12;diciembre;2026;0;;;;0;;;;0;;;0;;0;;;;;;0;;;;;;0;;;;0;;;;0;;;0;;;
31/12/2026;53;JUEVES;31;12;diciembre;2026;0;;;;0;;;;0;;;0;;0;;;;;;0;;;;;;0;;;;0;;;;0;;;0;;;
